patent_id,title,abstract,filing_date,year,inventor_name,country,company_name
10000000,Coherent LADAR using intra-pixel quadrature detection,"A frequency modulated (coherent) laser detection and ranging system includes a read-out integrated circuit formed with a two-dimensional array of detector elements each including a photosensitive region receiving both return light reflected from a target and light from a local oscillator, and local processing circuitry sampling the output of the photosensitive region four times during each sample period clock cycle to obtain quadrature components. A data bus coupled to one or more outputs of each of the detector elements receives the quadrature components from each of the detector elements for each sample period and serializes the received quadrature components. A processor coupled to the data bus receives the serialized quadrature components and determines an amplitude and a phase for at least one interfering frequency corresponding to interference between the return light and the local oscillator light using the quadrature components.",2018-06-19,2018,Joseph Marron,005e2495-16c8-11ed-9b5f-1234bde3cd05,Raytheon Company
10000000,Coherent LADAR using intra-pixel quadrature detection,"A frequency modulated (coherent) laser detection and ranging system includes a read-out integrated circuit formed with a two-dimensional array of detector elements each including a photosensitive region receiving both return light reflected from a target and light from a local oscillator, and local processing circuitry sampling the output of the photosensitive region four times during each sample period clock cycle to obtain quadrature components. A data bus coupled to one or more outputs of each of the detector elements receives the quadrature components from each of the detector elements for each sample period and serializes the received quadrature components. A processor coupled to the data bus receives the serialized quadrature components and determines an amplitude and a phase for at least one interfering frequency corresponding to interference between the return light and the local oscillator light using the quadrature components.",2018-06-19,2018,Joseph Marron,198b0471-16c8-11ed-9b5f-1234bde3cd05,Raytheon Company
10000000,Coherent LADAR using intra-pixel quadrature detection,"A frequency modulated (coherent) laser detection and ranging system includes a read-out integrated circuit formed with a two-dimensional array of detector elements each including a photosensitive region receiving both return light reflected from a target and light from a local oscillator, and local processing circuitry sampling the output of the photosensitive region four times during each sample period clock cycle to obtain quadrature components. A data bus coupled to one or more outputs of each of the detector elements receives the quadrature components from each of the detector elements for each sample period and serializes the received quadrature components. A processor coupled to the data bus receives the serialized quadrature components and determines an amplitude and a phase for at least one interfering frequency corresponding to interference between the return light and the local oscillator light using the quadrature components.",2018-06-19,2018,Joseph Marron,4c7a9f37-16c8-11ed-9b5f-1234bde3cd05,Raytheon Company
10000000,Coherent LADAR using intra-pixel quadrature detection,"A frequency modulated (coherent) laser detection and ranging system includes a read-out integrated circuit formed with a two-dimensional array of detector elements each including a photosensitive region receiving both return light reflected from a target and light from a local oscillator, and local processing circuitry sampling the output of the photosensitive region four times during each sample period clock cycle to obtain quadrature components. A data bus coupled to one or more outputs of each of the detector elements receives the quadrature components from each of the detector elements for each sample period and serializes the received quadrature components. A processor coupled to the data bus receives the serialized quadrature components and determines an amplitude and a phase for at least one interfering frequency corresponding to interference between the return light and the local oscillator light using the quadrature components.",2018-06-19,2018,Joseph Marron,4cc37449-16c8-11ed-9b5f-1234bde3cd05,Raytheon Company
10000001,Injection molding machine and mold thickness control method,"The injection molding machine includes a fixed platen, a moveable platen moving forward and backward by a toggle link, a base plate supporting the toggle link, a driving part for mold clamping to operate the toggle link, a driving part for mold thickness adjustment to adjust a mold thickness, and a control unit to calculate a movement distance gap before a clamping process by controlling the driving part for mold thickness adjustment to move the base plate backward and then move the base plate forward to a target movement position based on a fold amount of the toggle link, and control the driving part for mold thickness adjustment using a value obtained by deducting the movement distance gap from the fold amount of the toggle link when producing a clamp force.",2018-06-19,2018,Hyeon Jae Yu,1aeb68dd-16c8-11ed-9b5f-1234bde3cd05,LS MTRON LTD.
10000001,Injection molding machine and mold thickness control method,"The injection molding machine includes a fixed platen, a moveable platen moving forward and backward by a toggle link, a base plate supporting the toggle link, a driving part for mold clamping to operate the toggle link, a driving part for mold thickness adjustment to adjust a mold thickness, and a control unit to calculate a movement distance gap before a clamping process by controlling the driving part for mold thickness adjustment to move the base plate backward and then move the base plate forward to a target movement position based on a fold amount of the toggle link, and control the driving part for mold thickness adjustment using a value obtained by deducting the movement distance gap from the fold amount of the toggle link when producing a clamp force.",2018-06-19,2018,Hyeon Jae Yu,3eb37495-16c8-11ed-9b5f-1234bde3cd05,LS MTRON LTD.
10000001,Injection molding machine and mold thickness control method,"The injection molding machine includes a fixed platen, a moveable platen moving forward and backward by a toggle link, a base plate supporting the toggle link, a driving part for mold clamping to operate the toggle link, a driving part for mold thickness adjustment to adjust a mold thickness, and a control unit to calculate a movement distance gap before a clamping process by controlling the driving part for mold thickness adjustment to move the base plate backward and then move the base plate forward to a target movement position based on a fold amount of the toggle link, and control the driving part for mold thickness adjustment using a value obtained by deducting the movement distance gap from the fold amount of the toggle link when producing a clamp force.",2018-06-19,2018,Sun-Woo Lee,1972c404-16c8-11ed-9b5f-1234bde3cd05,LS MTRON LTD.
10000001,Injection molding machine and mold thickness control method,"The injection molding machine includes a fixed platen, a moveable platen moving forward and backward by a toggle link, a base plate supporting the toggle link, a driving part for mold clamping to operate the toggle link, a driving part for mold thickness adjustment to adjust a mold thickness, and a control unit to calculate a movement distance gap before a clamping process by controlling the driving part for mold thickness adjustment to move the base plate backward and then move the base plate forward to a target movement position based on a fold amount of the toggle link, and control the driving part for mold thickness adjustment using a value obtained by deducting the movement distance gap from the fold amount of the toggle link when producing a clamp force.",2018-06-19,2018,Sun-Woo Lee,1aeb3c64-16c8-11ed-9b5f-1234bde3cd05,LS MTRON LTD.
10000001,Injection molding machine and mold thickness control method,"The injection molding machine includes a fixed platen, a moveable platen moving forward and backward by a toggle link, a base plate supporting the toggle link, a driving part for mold clamping to operate the toggle link, a driving part for mold thickness adjustment to adjust a mold thickness, and a control unit to calculate a movement distance gap before a clamping process by controlling the driving part for mold thickness adjustment to move the base plate backward and then move the base plate forward to a target movement position based on a fold amount of the toggle link, and control the driving part for mold thickness adjustment using a value obtained by deducting the movement distance gap from the fold amount of the toggle link when producing a clamp force.",2018-06-19,2018,Sun-Woo Lee,1aeb68dd-16c8-11ed-9b5f-1234bde3cd05,LS MTRON LTD.
10000001,Injection molding machine and mold thickness control method,"The injection molding machine includes a fixed platen, a moveable platen moving forward and backward by a toggle link, a base plate supporting the toggle link, a driving part for mold clamping to operate the toggle link, a driving part for mold thickness adjustment to adjust a mold thickness, and a control unit to calculate a movement distance gap before a clamping process by controlling the driving part for mold thickness adjustment to move the base plate backward and then move the base plate forward to a target movement position based on a fold amount of the toggle link, and control the driving part for mold thickness adjustment using a value obtained by deducting the movement distance gap from the fold amount of the toggle link when producing a clamp force.",2018-06-19,2018,Sun-Woo Lee,3eb30168-16c8-11ed-9b5f-1234bde3cd05,LS MTRON LTD.
10000001,Injection molding machine and mold thickness control method,"The injection molding machine includes a fixed platen, a moveable platen moving forward and backward by a toggle link, a base plate supporting the toggle link, a driving part for mold clamping to operate the toggle link, a driving part for mold thickness adjustment to adjust a mold thickness, and a control unit to calculate a movement distance gap before a clamping process by controlling the driving part for mold thickness adjustment to move the base plate backward and then move the base plate forward to a target movement position based on a fold amount of the toggle link, and control the driving part for mold thickness adjustment using a value obtained by deducting the movement distance gap from the fold amount of the toggle link when producing a clamp force.",2018-06-19,2018,Sun-Woo Lee,3eea8bf8-16c8-11ed-9b5f-1234bde3cd05,LS MTRON LTD.
10000001,Injection molding machine and mold thickness control method,"The injection molding machine includes a fixed platen, a moveable platen moving forward and backward by a toggle link, a base plate supporting the toggle link, a driving part for mold clamping to operate the toggle link, a driving part for mold thickness adjustment to adjust a mold thickness, and a control unit to calculate a movement distance gap before a clamping process by controlling the driving part for mold thickness adjustment to move the base plate backward and then move the base plate forward to a target movement position based on a fold amount of the toggle link, and control the driving part for mold thickness adjustment using a value obtained by deducting the movement distance gap from the fold amount of the toggle link when producing a clamp force.",2018-06-19,2018,Sun-Woo Lee,5fe1183d-16c8-11ed-9b5f-1234bde3cd05,LS MTRON LTD.
10000001,Injection molding machine and mold thickness control method,"The injection molding machine includes a fixed platen, a moveable platen moving forward and backward by a toggle link, a base plate supporting the toggle link, a driving part for mold clamping to operate the toggle link, a driving part for mold thickness adjustment to adjust a mold thickness, and a control unit to calculate a movement distance gap before a clamping process by controlling the driving part for mold thickness adjustment to move the base plate backward and then move the base plate forward to a target movement position based on a fold amount of the toggle link, and control the driving part for mold thickness adjustment using a value obtained by deducting the movement distance gap from the fold amount of the toggle link when producing a clamp force.",2018-06-19,2018,Sun-Woo Lee,6c4b99cc-16c8-11ed-9b5f-1234bde3cd05,LS MTRON LTD.
10000001,Injection molding machine and mold thickness control method,"The injection molding machine includes a fixed platen, a moveable platen moving forward and backward by a toggle link, a base plate supporting the toggle link, a driving part for mold clamping to operate the toggle link, a driving part for mold thickness adjustment to adjust a mold thickness, and a control unit to calculate a movement distance gap before a clamping process by controlling the driving part for mold thickness adjustment to move the base plate backward and then move the base plate forward to a target movement position based on a fold amount of the toggle link, and control the driving part for mold thickness adjustment using a value obtained by deducting the movement distance gap from the fold amount of the toggle link when producing a clamp force.",2018-06-19,2018,Sun-Woo Lee,6c4ba08f-16c8-11ed-9b5f-1234bde3cd05,LS MTRON LTD.
10000001,Injection molding machine and mold thickness control method,"The injection molding machine includes a fixed platen, a moveable platen moving forward and backward by a toggle link, a base plate supporting the toggle link, a driving part for mold clamping to operate the toggle link, a driving part for mold thickness adjustment to adjust a mold thickness, and a control unit to calculate a movement distance gap before a clamping process by controlling the driving part for mold thickness adjustment to move the base plate backward and then move the base plate forward to a target movement position based on a fold amount of the toggle link, and control the driving part for mold thickness adjustment using a value obtained by deducting the movement distance gap from the fold amount of the toggle link when producing a clamp force.",2018-06-19,2018,Sun-Woo Lee,7514b765-16c8-11ed-9b5f-1234bde3cd05,LS MTRON LTD.
10000001,Injection molding machine and mold thickness control method,"The injection molding machine includes a fixed platen, a moveable platen moving forward and backward by a toggle link, a base plate supporting the toggle link, a driving part for mold clamping to operate the toggle link, a driving part for mold thickness adjustment to adjust a mold thickness, and a control unit to calculate a movement distance gap before a clamping process by controlling the driving part for mold thickness adjustment to move the base plate backward and then move the base plate forward to a target movement position based on a fold amount of the toggle link, and control the driving part for mold thickness adjustment using a value obtained by deducting the movement distance gap from the fold amount of the toggle link when producing a clamp force.",2018-06-19,2018,Sun-Woo Lee,7514dba4-16c8-11ed-9b5f-1234bde3cd05,LS MTRON LTD.
10000001,Injection molding machine and mold thickness control method,"The injection molding machine includes a fixed platen, a moveable platen moving forward and backward by a toggle link, a base plate supporting the toggle link, a driving part for mold clamping to operate the toggle link, a driving part for mold thickness adjustment to adjust a mold thickness, and a control unit to calculate a movement distance gap before a clamping process by controlling the driving part for mold thickness adjustment to move the base plate backward and then move the base plate forward to a target movement position based on a fold amount of the toggle link, and control the driving part for mold thickness adjustment using a value obtained by deducting the movement distance gap from the fold amount of the toggle link when producing a clamp force.",2018-06-19,2018,Sun-Woo Lee,75436e0d-16c8-11ed-9b5f-1234bde3cd05,LS MTRON LTD.
10000001,Injection molding machine and mold thickness control method,"The injection molding machine includes a fixed platen, a moveable platen moving forward and backward by a toggle link, a base plate supporting the toggle link, a driving part for mold clamping to operate the toggle link, a driving part for mold thickness adjustment to adjust a mold thickness, and a control unit to calculate a movement distance gap before a clamping process by controlling the driving part for mold thickness adjustment to move the base plate backward and then move the base plate forward to a target movement position based on a fold amount of the toggle link, and control the driving part for mold thickness adjustment using a value obtained by deducting the movement distance gap from the fold amount of the toggle link when producing a clamp force.",2018-06-19,2018,Sun-Woo Lee,755a2aab-16c8-11ed-9b5f-1234bde3cd05,LS MTRON LTD.
10000001,Injection molding machine and mold thickness control method,"The injection molding machine includes a fixed platen, a moveable platen moving forward and backward by a toggle link, a base plate supporting the toggle link, a driving part for mold clamping to operate the toggle link, a driving part for mold thickness adjustment to adjust a mold thickness, and a control unit to calculate a movement distance gap before a clamping process by controlling the driving part for mold thickness adjustment to move the base plate backward and then move the base plate forward to a target movement position based on a fold amount of the toggle link, and control the driving part for mold thickness adjustment using a value obtained by deducting the movement distance gap from the fold amount of the toggle link when producing a clamp force.",2018-06-19,2018,Sun-Woo Lee,803ab8e6-16c8-11ed-9b5f-1234bde3cd05,LS MTRON LTD.
10000001,Injection molding machine and mold thickness control method,"The injection molding machine includes a fixed platen, a moveable platen moving forward and backward by a toggle link, a base plate supporting the toggle link, a driving part for mold clamping to operate the toggle link, a driving part for mold thickness adjustment to adjust a mold thickness, and a control unit to calculate a movement distance gap before a clamping process by controlling the driving part for mold thickness adjustment to move the base plate backward and then move the base plate forward to a target movement position based on a fold amount of the toggle link, and control the driving part for mold thickness adjustment using a value obtained by deducting the movement distance gap from the fold amount of the toggle link when producing a clamp force.",2018-06-19,2018,Sun-Woo Lee,9abd2461-16c8-11ed-9b5f-1234bde3cd05,LS MTRON LTD.
10000001,Injection molding machine and mold thickness control method,"The injection molding machine includes a fixed platen, a moveable platen moving forward and backward by a toggle link, a base plate supporting the toggle link, a driving part for mold clamping to operate the toggle link, a driving part for mold thickness adjustment to adjust a mold thickness, and a control unit to calculate a movement distance gap before a clamping process by controlling the driving part for mold thickness adjustment to move the base plate backward and then move the base plate forward to a target movement position based on a fold amount of the toggle link, and control the driving part for mold thickness adjustment using a value obtained by deducting the movement distance gap from the fold amount of the toggle link when producing a clamp force.",2018-06-19,2018,Sun-Woo Lee,e0c91e74-16c7-11ed-9b5f-1234bde3cd05,LS MTRON LTD.
10000002,Method for manufacturing polymer film and co-extruded film,"The present invention relates to: a method for manufacturing a polymer film, the method including a base film forming step for co-extruding a first resin containing a polyamide-based resin and a second resin containing a copolymer including polyamide-based segments and polyether-based segments; a co-extruded film including a base film including a first resin layer containing a polyamide-based resin, and a second resin layer containing a copolymer having polyamide-based segments and polyether-based segments; to a co-extruded film including a base film including a first resin layer and a second resin layer, which have different melting points; and to a method for manufacturing a polymer film, the method including a base film forming step including a step of co-extruding a first resin and a second resin, which have different melting points.",2018-06-19,2018,Dong-Hyeon Choi,6c4bb5b6-16c8-11ed-9b5f-1234bde3cd05,"KOLON INDUSTRIES, INC."
10000002,Method for manufacturing polymer film and co-extruded film,"The present invention relates to: a method for manufacturing a polymer film, the method including a base film forming step for co-extruding a first resin containing a polyamide-based resin and a second resin containing a copolymer including polyamide-based segments and polyether-based segments; a co-extruded film including a base film including a first resin layer containing a polyamide-based resin, and a second resin layer containing a copolymer having polyamide-based segments and polyether-based segments; to a co-extruded film including a base film including a first resin layer and a second resin layer, which have different melting points; and to a method for manufacturing a polymer film, the method including a base film forming step including a step of co-extruding a first resin and a second resin, which have different melting points.",2018-06-19,2018,Dong-Hyeon Choi,755a6338-16c8-11ed-9b5f-1234bde3cd05,"KOLON INDUSTRIES, INC."
10000002,Method for manufacturing polymer film and co-extruded film,"The present invention relates to: a method for manufacturing a polymer film, the method including a base film forming step for co-extruding a first resin containing a polyamide-based resin and a second resin containing a copolymer including polyamide-based segments and polyether-based segments; a co-extruded film including a base film including a first resin layer containing a polyamide-based resin, and a second resin layer containing a copolymer having polyamide-based segments and polyether-based segments; to a co-extruded film including a base film including a first resin layer and a second resin layer, which have different melting points; and to a method for manufacturing a polymer film, the method including a base film forming step including a step of co-extruding a first resin and a second resin, which have different melting points.",2018-06-19,2018,Dong Jin Kim,15c69712-16c8-11ed-9b5f-1234bde3cd05,"KOLON INDUSTRIES, INC."
10000002,Method for manufacturing polymer film and co-extruded film,"The present invention relates to: a method for manufacturing a polymer film, the method including a base film forming step for co-extruding a first resin containing a polyamide-based resin and a second resin containing a copolymer including polyamide-based segments and polyether-based segments; a co-extruded film including a base film including a first resin layer containing a polyamide-based resin, and a second resin layer containing a copolymer having polyamide-based segments and polyether-based segments; to a co-extruded film including a base film including a first resin layer and a second resin layer, which have different melting points; and to a method for manufacturing a polymer film, the method including a base film forming step including a step of co-extruding a first resin and a second resin, which have different melting points.",2018-06-19,2018,Dong Jin Kim,1972c404-16c8-11ed-9b5f-1234bde3cd05,"KOLON INDUSTRIES, INC."
10000002,Method for manufacturing polymer film and co-extruded film,"The present invention relates to: a method for manufacturing a polymer film, the method including a base film forming step for co-extruding a first resin containing a polyamide-based resin and a second resin containing a copolymer including polyamide-based segments and polyether-based segments; a co-extruded film including a base film including a first resin layer containing a polyamide-based resin, and a second resin layer containing a copolymer having polyamide-based segments and polyether-based segments; to a co-extruded film including a base film including a first resin layer and a second resin layer, which have different melting points; and to a method for manufacturing a polymer film, the method including a base film forming step including a step of co-extruding a first resin and a second resin, which have different melting points.",2018-06-19,2018,Dong Jin Kim,198afa8c-16c8-11ed-9b5f-1234bde3cd05,"KOLON INDUSTRIES, INC."
10000002,Method for manufacturing polymer film and co-extruded film,"The present invention relates to: a method for manufacturing a polymer film, the method including a base film forming step for co-extruding a first resin containing a polyamide-based resin and a second resin containing a copolymer including polyamide-based segments and polyether-based segments; a co-extruded film including a base film including a first resin layer containing a polyamide-based resin, and a second resin layer containing a copolymer having polyamide-based segments and polyether-based segments; to a co-extruded film including a base film including a first resin layer and a second resin layer, which have different melting points; and to a method for manufacturing a polymer film, the method including a base film forming step including a step of co-extruding a first resin and a second resin, which have different melting points.",2018-06-19,2018,Dong Jin Kim,1aea936f-16c8-11ed-9b5f-1234bde3cd05,"KOLON INDUSTRIES, INC."
10000002,Method for manufacturing polymer film and co-extruded film,"The present invention relates to: a method for manufacturing a polymer film, the method including a base film forming step for co-extruding a first resin containing a polyamide-based resin and a second resin containing a copolymer including polyamide-based segments and polyether-based segments; a co-extruded film including a base film including a first resin layer containing a polyamide-based resin, and a second resin layer containing a copolymer having polyamide-based segments and polyether-based segments; to a co-extruded film including a base film including a first resin layer and a second resin layer, which have different melting points; and to a method for manufacturing a polymer film, the method including a base film forming step including a step of co-extruding a first resin and a second resin, which have different melting points.",2018-06-19,2018,Dong Jin Kim,1aeb3c64-16c8-11ed-9b5f-1234bde3cd05,"KOLON INDUSTRIES, INC."
10000002,Method for manufacturing polymer film and co-extruded film,"The present invention relates to: a method for manufacturing a polymer film, the method including a base film forming step for co-extruding a first resin containing a polyamide-based resin and a second resin containing a copolymer including polyamide-based segments and polyether-based segments; a co-extruded film including a base film including a first resin layer containing a polyamide-based resin, and a second resin layer containing a copolymer having polyamide-based segments and polyether-based segments; to a co-extruded film including a base film including a first resin layer and a second resin layer, which have different melting points; and to a method for manufacturing a polymer film, the method including a base film forming step including a step of co-extruding a first resin and a second resin, which have different melting points.",2018-06-19,2018,Dong Jin Kim,3eb2eaaa-16c8-11ed-9b5f-1234bde3cd05,"KOLON INDUSTRIES, INC."
10000002,Method for manufacturing polymer film and co-extruded film,"The present invention relates to: a method for manufacturing a polymer film, the method including a base film forming step for co-extruding a first resin containing a polyamide-based resin and a second resin containing a copolymer including polyamide-based segments and polyether-based segments; a co-extruded film including a base film including a first resin layer containing a polyamide-based resin, and a second resin layer containing a copolymer having polyamide-based segments and polyether-based segments; to a co-extruded film including a base film including a first resin layer and a second resin layer, which have different melting points; and to a method for manufacturing a polymer film, the method including a base film forming step including a step of co-extruding a first resin and a second resin, which have different melting points.",2018-06-19,2018,Dong Jin Kim,3eb30168-16c8-11ed-9b5f-1234bde3cd05,"KOLON INDUSTRIES, INC."
10000002,Method for manufacturing polymer film and co-extruded film,"The present invention relates to: a method for manufacturing a polymer film, the method including a base film forming step for co-extruding a first resin containing a polyamide-based resin and a second resin containing a copolymer including polyamide-based segments and polyether-based segments; a co-extruded film including a base film including a first resin layer containing a polyamide-based resin, and a second resin layer containing a copolymer having polyamide-based segments and polyether-based segments; to a co-extruded film including a base film including a first resin layer and a second resin layer, which have different melting points; and to a method for manufacturing a polymer film, the method including a base film forming step including a step of co-extruding a first resin and a second resin, which have different melting points.",2018-06-19,2018,Dong Jin Kim,3eb3274f-16c8-11ed-9b5f-1234bde3cd05,"KOLON INDUSTRIES, INC."
10000002,Method for manufacturing polymer film and co-extruded film,"The present invention relates to: a method for manufacturing a polymer film, the method including a base film forming step for co-extruding a first resin containing a polyamide-based resin and a second resin containing a copolymer including polyamide-based segments and polyether-based segments; a co-extruded film including a base film including a first resin layer containing a polyamide-based resin, and a second resin layer containing a copolymer having polyamide-based segments and polyether-based segments; to a co-extruded film including a base film including a first resin layer and a second resin layer, which have different melting points; and to a method for manufacturing a polymer film, the method including a base film forming step including a step of co-extruding a first resin and a second resin, which have different melting points.",2018-06-19,2018,Dong Jin Kim,3eea8bf8-16c8-11ed-9b5f-1234bde3cd05,"KOLON INDUSTRIES, INC."
10000002,Method for manufacturing polymer film and co-extruded film,"The present invention relates to: a method for manufacturing a polymer film, the method including a base film forming step for co-extruding a first resin containing a polyamide-based resin and a second resin containing a copolymer including polyamide-based segments and polyether-based segments; a co-extruded film including a base film including a first resin layer containing a polyamide-based resin, and a second resin layer containing a copolymer having polyamide-based segments and polyether-based segments; to a co-extruded film including a base film including a first resin layer and a second resin layer, which have different melting points; and to a method for manufacturing a polymer film, the method including a base film forming step including a step of co-extruding a first resin and a second resin, which have different melting points.",2018-06-19,2018,Dong Jin Kim,5fb8332f-16c8-11ed-9b5f-1234bde3cd05,"KOLON INDUSTRIES, INC."
10000002,Method for manufacturing polymer film and co-extruded film,"The present invention relates to: a method for manufacturing a polymer film, the method including a base film forming step for co-extruding a first resin containing a polyamide-based resin and a second resin containing a copolymer including polyamide-based segments and polyether-based segments; a co-extruded film including a base film including a first resin layer containing a polyamide-based resin, and a second resin layer containing a copolymer having polyamide-based segments and polyether-based segments; to a co-extruded film including a base film including a first resin layer and a second resin layer, which have different melting points; and to a method for manufacturing a polymer film, the method including a base film forming step including a step of co-extruding a first resin and a second resin, which have different melting points.",2018-06-19,2018,Dong Jin Kim,6c4b1d13-16c8-11ed-9b5f-1234bde3cd05,"KOLON INDUSTRIES, INC."
10000002,Method for manufacturing polymer film and co-extruded film,"The present invention relates to: a method for manufacturing a polymer film, the method including a base film forming step for co-extruding a first resin containing a polyamide-based resin and a second resin containing a copolymer including polyamide-based segments and polyether-based segments; a co-extruded film including a base film including a first resin layer containing a polyamide-based resin, and a second resin layer containing a copolymer having polyamide-based segments and polyether-based segments; to a co-extruded film including a base film including a first resin layer and a second resin layer, which have different melting points; and to a method for manufacturing a polymer film, the method including a base film forming step including a step of co-extruding a first resin and a second resin, which have different melting points.",2018-06-19,2018,Dong Jin Kim,6c4b3cd9-16c8-11ed-9b5f-1234bde3cd05,"KOLON INDUSTRIES, INC."
10000002,Method for manufacturing polymer film and co-extruded film,"The present invention relates to: a method for manufacturing a polymer film, the method including a base film forming step for co-extruding a first resin containing a polyamide-based resin and a second resin containing a copolymer including polyamide-based segments and polyether-based segments; a co-extruded film including a base film including a first resin layer containing a polyamide-based resin, and a second resin layer containing a copolymer having polyamide-based segments and polyether-based segments; to a co-extruded film including a base film including a first resin layer and a second resin layer, which have different melting points; and to a method for manufacturing a polymer film, the method including a base film forming step including a step of co-extruding a first resin and a second resin, which have different melting points.",2018-06-19,2018,Dong Jin Kim,6c4b83c5-16c8-11ed-9b5f-1234bde3cd05,"KOLON INDUSTRIES, INC."
10000002,Method for manufacturing polymer film and co-extruded film,"The present invention relates to: a method for manufacturing a polymer film, the method including a base film forming step for co-extruding a first resin containing a polyamide-based resin and a second resin containing a copolymer including polyamide-based segments and polyether-based segments; a co-extruded film including a base film including a first resin layer containing a polyamide-based resin, and a second resin layer containing a copolymer having polyamide-based segments and polyether-based segments; to a co-extruded film including a base film including a first resin layer and a second resin layer, which have different melting points; and to a method for manufacturing a polymer film, the method including a base film forming step including a step of co-extruding a first resin and a second resin, which have different melting points.",2018-06-19,2018,Dong Jin Kim,6c4be691-16c8-11ed-9b5f-1234bde3cd05,"KOLON INDUSTRIES, INC."
10000002,Method for manufacturing polymer film and co-extruded film,"The present invention relates to: a method for manufacturing a polymer film, the method including a base film forming step for co-extruding a first resin containing a polyamide-based resin and a second resin containing a copolymer including polyamide-based segments and polyether-based segments; a co-extruded film including a base film including a first resin layer containing a polyamide-based resin, and a second resin layer containing a copolymer having polyamide-based segments and polyether-based segments; to a co-extruded film including a base film including a first resin layer and a second resin layer, which have different melting points; and to a method for manufacturing a polymer film, the method including a base film forming step including a step of co-extruding a first resin and a second resin, which have different melting points.",2018-06-19,2018,Dong Jin Kim,6c4be9e5-16c8-11ed-9b5f-1234bde3cd05,"KOLON INDUSTRIES, INC."
10000002,Method for manufacturing polymer film and co-extruded film,"The present invention relates to: a method for manufacturing a polymer film, the method including a base film forming step for co-extruding a first resin containing a polyamide-based resin and a second resin containing a copolymer including polyamide-based segments and polyether-based segments; a co-extruded film including a base film including a first resin layer containing a polyamide-based resin, and a second resin layer containing a copolymer having polyamide-based segments and polyether-based segments; to a co-extruded film including a base film including a first resin layer and a second resin layer, which have different melting points; and to a method for manufacturing a polymer film, the method including a base film forming step including a step of co-extruding a first resin and a second resin, which have different melting points.",2018-06-19,2018,Dong Jin Kim,6c4bece1-16c8-11ed-9b5f-1234bde3cd05,"KOLON INDUSTRIES, INC."
10000002,Method for manufacturing polymer film and co-extruded film,"The present invention relates to: a method for manufacturing a polymer film, the method including a base film forming step for co-extruding a first resin containing a polyamide-based resin and a second resin containing a copolymer including polyamide-based segments and polyether-based segments; a co-extruded film including a base film including a first resin layer containing a polyamide-based resin, and a second resin layer containing a copolymer having polyamide-based segments and polyether-based segments; to a co-extruded film including a base film including a first resin layer and a second resin layer, which have different melting points; and to a method for manufacturing a polymer film, the method including a base film forming step including a step of co-extruding a first resin and a second resin, which have different melting points.",2018-06-19,2018,Dong Jin Kim,74f93c7c-16c8-11ed-9b5f-1234bde3cd05,"KOLON INDUSTRIES, INC."
10000002,Method for manufacturing polymer film and co-extruded film,"The present invention relates to: a method for manufacturing a polymer film, the method including a base film forming step for co-extruding a first resin containing a polyamide-based resin and a second resin containing a copolymer including polyamide-based segments and polyether-based segments; a co-extruded film including a base film including a first resin layer containing a polyamide-based resin, and a second resin layer containing a copolymer having polyamide-based segments and polyether-based segments; to a co-extruded film including a base film including a first resin layer and a second resin layer, which have different melting points; and to a method for manufacturing a polymer film, the method including a base film forming step including a step of co-extruding a first resin and a second resin, which have different melting points.",2018-06-19,2018,Dong Jin Kim,75436e0d-16c8-11ed-9b5f-1234bde3cd05,"KOLON INDUSTRIES, INC."
10000002,Method for manufacturing polymer film and co-extruded film,"The present invention relates to: a method for manufacturing a polymer film, the method including a base film forming step for co-extruding a first resin containing a polyamide-based resin and a second resin containing a copolymer including polyamide-based segments and polyether-based segments; a co-extruded film including a base film including a first resin layer containing a polyamide-based resin, and a second resin layer containing a copolymer having polyamide-based segments and polyether-based segments; to a co-extruded film including a base film including a first resin layer and a second resin layer, which have different melting points; and to a method for manufacturing a polymer film, the method including a base film forming step including a step of co-extruding a first resin and a second resin, which have different melting points.",2018-06-19,2018,Dong Jin Kim,75599edb-16c8-11ed-9b5f-1234bde3cd05,"KOLON INDUSTRIES, INC."
10000002,Method for manufacturing polymer film and co-extruded film,"The present invention relates to: a method for manufacturing a polymer film, the method including a base film forming step for co-extruding a first resin containing a polyamide-based resin and a second resin containing a copolymer including polyamide-based segments and polyether-based segments; a co-extruded film including a base film including a first resin layer containing a polyamide-based resin, and a second resin layer containing a copolymer having polyamide-based segments and polyether-based segments; to a co-extruded film including a base film including a first resin layer and a second resin layer, which have different melting points; and to a method for manufacturing a polymer film, the method including a base film forming step including a step of co-extruding a first resin and a second resin, which have different melting points.",2018-06-19,2018,Dong Jin Kim,755a2aab-16c8-11ed-9b5f-1234bde3cd05,"KOLON INDUSTRIES, INC."
10000002,Method for manufacturing polymer film and co-extruded film,"The present invention relates to: a method for manufacturing a polymer film, the method including a base film forming step for co-extruding a first resin containing a polyamide-based resin and a second resin containing a copolymer including polyamide-based segments and polyether-based segments; a co-extruded film including a base film including a first resin layer containing a polyamide-based resin, and a second resin layer containing a copolymer having polyamide-based segments and polyether-based segments; to a co-extruded film including a base film including a first resin layer and a second resin layer, which have different melting points; and to a method for manufacturing a polymer film, the method including a base film forming step including a step of co-extruding a first resin and a second resin, which have different melting points.",2018-06-19,2018,Dong Jin Kim,755a6338-16c8-11ed-9b5f-1234bde3cd05,"KOLON INDUSTRIES, INC."
10000002,Method for manufacturing polymer film and co-extruded film,"The present invention relates to: a method for manufacturing a polymer film, the method including a base film forming step for co-extruding a first resin containing a polyamide-based resin and a second resin containing a copolymer including polyamide-based segments and polyether-based segments; a co-extruded film including a base film including a first resin layer containing a polyamide-based resin, and a second resin layer containing a copolymer having polyamide-based segments and polyether-based segments; to a co-extruded film including a base film including a first resin layer and a second resin layer, which have different melting points; and to a method for manufacturing a polymer film, the method including a base film forming step including a step of co-extruding a first resin and a second resin, which have different melting points.",2018-06-19,2018,Dong Jin Kim,76559f24-16c8-11ed-9b5f-1234bde3cd05,"KOLON INDUSTRIES, INC."
10000002,Method for manufacturing polymer film and co-extruded film,"The present invention relates to: a method for manufacturing a polymer film, the method including a base film forming step for co-extruding a first resin containing a polyamide-based resin and a second resin containing a copolymer including polyamide-based segments and polyether-based segments; a co-extruded film including a base film including a first resin layer containing a polyamide-based resin, and a second resin layer containing a copolymer having polyamide-based segments and polyether-based segments; to a co-extruded film including a base film including a first resin layer and a second resin layer, which have different melting points; and to a method for manufacturing a polymer film, the method including a base film forming step including a step of co-extruding a first resin and a second resin, which have different melting points.",2018-06-19,2018,Dong Jin Kim,76760828-16c8-11ed-9b5f-1234bde3cd05,"KOLON INDUSTRIES, INC."
10000002,Method for manufacturing polymer film and co-extruded film,"The present invention relates to: a method for manufacturing a polymer film, the method including a base film forming step for co-extruding a first resin containing a polyamide-based resin and a second resin containing a copolymer including polyamide-based segments and polyether-based segments; a co-extruded film including a base film including a first resin layer containing a polyamide-based resin, and a second resin layer containing a copolymer having polyamide-based segments and polyether-based segments; to a co-extruded film including a base film including a first resin layer and a second resin layer, which have different melting points; and to a method for manufacturing a polymer film, the method including a base film forming step including a step of co-extruding a first resin and a second resin, which have different melting points.",2018-06-19,2018,Dong Jin Kim,9a944c1d-16c8-11ed-9b5f-1234bde3cd05,"KOLON INDUSTRIES, INC."
10000002,Method for manufacturing polymer film and co-extruded film,"The present invention relates to: a method for manufacturing a polymer film, the method including a base film forming step for co-extruding a first resin containing a polyamide-based resin and a second resin containing a copolymer including polyamide-based segments and polyether-based segments; a co-extruded film including a base film including a first resin layer containing a polyamide-based resin, and a second resin layer containing a copolymer having polyamide-based segments and polyether-based segments; to a co-extruded film including a base film including a first resin layer and a second resin layer, which have different melting points; and to a method for manufacturing a polymer film, the method including a base film forming step including a step of co-extruding a first resin and a second resin, which have different melting points.",2018-06-19,2018,Dong Jin Kim,c423b284-16c7-11ed-9b5f-1234bde3cd05,"KOLON INDUSTRIES, INC."
10000002,Method for manufacturing polymer film and co-extruded film,"The present invention relates to: a method for manufacturing a polymer film, the method including a base film forming step for co-extruding a first resin containing a polyamide-based resin and a second resin containing a copolymer including polyamide-based segments and polyether-based segments; a co-extruded film including a base film including a first resin layer containing a polyamide-based resin, and a second resin layer containing a copolymer having polyamide-based segments and polyether-based segments; to a co-extruded film including a base film including a first resin layer and a second resin layer, which have different melting points; and to a method for manufacturing a polymer film, the method including a base film forming step including a step of co-extruding a first resin and a second resin, which have different melting points.",2018-06-19,2018,Si Min Kim,3eb2eaaa-16c8-11ed-9b5f-1234bde3cd05,"KOLON INDUSTRIES, INC."
10000002,Method for manufacturing polymer film and co-extruded film,"The present invention relates to: a method for manufacturing a polymer film, the method including a base film forming step for co-extruding a first resin containing a polyamide-based resin and a second resin containing a copolymer including polyamide-based segments and polyether-based segments; a co-extruded film including a base film including a first resin layer containing a polyamide-based resin, and a second resin layer containing a copolymer having polyamide-based segments and polyether-based segments; to a co-extruded film including a base film including a first resin layer and a second resin layer, which have different melting points; and to a method for manufacturing a polymer film, the method including a base film forming step including a step of co-extruding a first resin and a second resin, which have different melting points.",2018-06-19,2018,Si Min Kim,7514a0d5-16c8-11ed-9b5f-1234bde3cd05,"KOLON INDUSTRIES, INC."
10000002,Method for manufacturing polymer film and co-extruded film,"The present invention relates to: a method for manufacturing a polymer film, the method including a base film forming step for co-extruding a first resin containing a polyamide-based resin and a second resin containing a copolymer including polyamide-based segments and polyether-based segments; a co-extruded film including a base film including a first resin layer containing a polyamide-based resin, and a second resin layer containing a copolymer having polyamide-based segments and polyether-based segments; to a co-extruded film including a base film including a first resin layer and a second resin layer, which have different melting points; and to a method for manufacturing a polymer film, the method including a base film forming step including a step of co-extruding a first resin and a second resin, which have different melting points.",2018-06-19,2018,Si Min Kim,755a6338-16c8-11ed-9b5f-1234bde3cd05,"KOLON INDUSTRIES, INC."
10000002,Method for manufacturing polymer film and co-extruded film,"The present invention relates to: a method for manufacturing a polymer film, the method including a base film forming step for co-extruding a first resin containing a polyamide-based resin and a second resin containing a copolymer including polyamide-based segments and polyether-based segments; a co-extruded film including a base film including a first resin layer containing a polyamide-based resin, and a second resin layer containing a copolymer having polyamide-based segments and polyether-based segments; to a co-extruded film including a base film including a first resin layer and a second resin layer, which have different melting points; and to a method for manufacturing a polymer film, the method including a base film forming step including a step of co-extruding a first resin and a second resin, which have different melting points.",2018-06-19,2018,Yun-Jo Kim,3eb34b7f-16c8-11ed-9b5f-1234bde3cd05,"KOLON INDUSTRIES, INC."
10000002,Method for manufacturing polymer film and co-extruded film,"The present invention relates to: a method for manufacturing a polymer film, the method including a base film forming step for co-extruding a first resin containing a polyamide-based resin and a second resin containing a copolymer including polyamide-based segments and polyether-based segments; a co-extruded film including a base film including a first resin layer containing a polyamide-based resin, and a second resin layer containing a copolymer having polyamide-based segments and polyether-based segments; to a co-extruded film including a base film including a first resin layer and a second resin layer, which have different melting points; and to a method for manufacturing a polymer film, the method including a base film forming step including a step of co-extruding a first resin and a second resin, which have different melting points.",2018-06-19,2018,Yun-Jo Kim,6c4b83c5-16c8-11ed-9b5f-1234bde3cd05,"KOLON INDUSTRIES, INC."
10000002,Method for manufacturing polymer film and co-extruded film,"The present invention relates to: a method for manufacturing a polymer film, the method including a base film forming step for co-extruding a first resin containing a polyamide-based resin and a second resin containing a copolymer including polyamide-based segments and polyether-based segments; a co-extruded film including a base film including a first resin layer containing a polyamide-based resin, and a second resin layer containing a copolymer having polyamide-based segments and polyether-based segments; to a co-extruded film including a base film including a first resin layer and a second resin layer, which have different melting points; and to a method for manufacturing a polymer film, the method including a base film forming step including a step of co-extruding a first resin and a second resin, which have different melting points.",2018-06-19,2018,Yun-Jo Kim,755a6338-16c8-11ed-9b5f-1234bde3cd05,"KOLON INDUSTRIES, INC."
10000002,Method for manufacturing polymer film and co-extruded film,"The present invention relates to: a method for manufacturing a polymer film, the method including a base film forming step for co-extruding a first resin containing a polyamide-based resin and a second resin containing a copolymer including polyamide-based segments and polyether-based segments; a co-extruded film including a base film including a first resin layer containing a polyamide-based resin, and a second resin layer containing a copolymer having polyamide-based segments and polyether-based segments; to a co-extruded film including a base film including a first resin layer and a second resin layer, which have different melting points; and to a method for manufacturing a polymer film, the method including a base film forming step including a step of co-extruding a first resin and a second resin, which have different melting points.",2018-06-19,2018,Yun-Jo Kim,765650c0-16c8-11ed-9b5f-1234bde3cd05,"KOLON INDUSTRIES, INC."
10000003,Method for producing a container from a thermoplastic,"The invention relates to a method for producing a container (2) from a thermoplastic, having at least one surround (4), provided in the container wall (1), for a container opening. The surround (4) comprises a structure behind which parts of the container wall (1) extend and/or which is penetrated by said parts. The method is carried out using a multi-part blow mold that has at least two mold parts, each having at least one cavity, wherein the surround is placed as an insert in the cavity (10) of the blow mold (7). The method comprises pressing the preform that has been forced into the cavity (10) into the structure of the surround (4) by means of a tool which is brought to bear on the preform (12) on the side of the preform facing away from the cavity (10).",2018-06-19,2018,Carsten Elsasser,,KAUTEX TEXTRON GmbH & Co. KG
10000003,Method for producing a container from a thermoplastic,"The invention relates to a method for producing a container (2) from a thermoplastic, having at least one surround (4), provided in the container wall (1), for a container opening. The surround (4) comprises a structure behind which parts of the container wall (1) extend and/or which is penetrated by said parts. The method is carried out using a multi-part blow mold that has at least two mold parts, each having at least one cavity, wherein the surround is placed as an insert in the cavity (10) of the blow mold (7). The method comprises pressing the preform that has been forced into the cavity (10) into the structure of the surround (4) by means of a tool which is brought to bear on the preform (12) on the side of the preform facing away from the cavity (10).",2018-06-19,2018,Carsten Elsasser,599a7324-16c8-11ed-9b5f-1234bde3cd05,KAUTEX TEXTRON GmbH & Co. KG
10000003,Method for producing a container from a thermoplastic,"The invention relates to a method for producing a container (2) from a thermoplastic, having at least one surround (4), provided in the container wall (1), for a container opening. The surround (4) comprises a structure behind which parts of the container wall (1) extend and/or which is penetrated by said parts. The method is carried out using a multi-part blow mold that has at least two mold parts, each having at least one cavity, wherein the surround is placed as an insert in the cavity (10) of the blow mold (7). The method comprises pressing the preform that has been forced into the cavity (10) into the structure of the surround (4) by means of a tool which is brought to bear on the preform (12) on the side of the preform facing away from the cavity (10).",2018-06-19,2018,Cristoph Mehren,4b886e9b-16c8-11ed-9b5f-1234bde3cd05,KAUTEX TEXTRON GmbH & Co. KG
10000003,Method for producing a container from a thermoplastic,"The invention relates to a method for producing a container (2) from a thermoplastic, having at least one surround (4), provided in the container wall (1), for a container opening. The surround (4) comprises a structure behind which parts of the container wall (1) extend and/or which is penetrated by said parts. The method is carried out using a multi-part blow mold that has at least two mold parts, each having at least one cavity, wherein the surround is placed as an insert in the cavity (10) of the blow mold (7). The method comprises pressing the preform that has been forced into the cavity (10) into the structure of the surround (4) by means of a tool which is brought to bear on the preform (12) on the side of the preform facing away from the cavity (10).",2018-06-19,2018,Guido Bergmann,6c737da8-16c8-11ed-9b5f-1234bde3cd05,KAUTEX TEXTRON GmbH & Co. KG
10000004,"Process of obtaining a double-oriented film, co-extruded, and of low thickness made by a three bubble process that at the time of being thermoformed provides a uniform thickness in the produced tray","The present invention relates to provides a double-oriented film, co-extrude, and of low thickness, with a layered composition that gives the property of being of high barrier to gases and manufactured by the process of co-extrusion of 3 bubbles, which gives the property of when being thermoformed, ensure the distribution of uniform thickness in the walls, base, folds, and corners of the formed tray saving a minimum of 50% of plastic without diminishing its gas barrier and its resistance to puncture.",2018-06-19,2018,Jose Juan Valadez Lopez,74ce52e1-16c8-11ed-9b5f-1234bde3cd05,ZUBEX INDUSTRIAL SA DE CV
10000004,"Process of obtaining a double-oriented film, co-extruded, and of low thickness made by a three bubble process that at the time of being thermoformed provides a uniform thickness in the produced tray","The present invention relates to provides a double-oriented film, co-extrude, and of low thickness, with a layered composition that gives the property of being of high barrier to gases and manufactured by the process of co-extrusion of 3 bubbles, which gives the property of when being thermoformed, ensure the distribution of uniform thickness in the walls, base, folds, and corners of the formed tray saving a minimum of 50% of plastic without diminishing its gas barrier and its resistance to puncture.",2018-06-19,2018,Miguel Jorge Zubiria Elizondo,74ce52e1-16c8-11ed-9b5f-1234bde3cd05,ZUBEX INDUSTRIAL SA DE CV
10000005,Article vacuum formation method and vacuum forming apparatus,"A vacuum forming apparatus is provided that forms an article having a covering bonded to the surface of a substrate in a molding space using a first mold and a second mold. The vacuum forming apparatus is provided with clamps for grasping the covering between the first and second molds arranged at the open positions. The clamps are movable between an interfering position, at which the clamps are located in the movement ranges of the first and second molds, and standby positions, at which the clamps are outside the movement ranges. After the covering is heated, the clamps grasping the covering move to the standby positions and stretch the covering. The first and second molds move to the closed positions and the article is molded between the first and second molds so that the stretched covering and the substrate are bonded to each other.",2018-06-19,2018,Katsunori Oda,8bf15d99-16c8-11ed-9b5f-1234bde3cd05,TOYOTA SHATAI KABUSHIKI KAISHA
10000005,Article vacuum formation method and vacuum forming apparatus,"A vacuum forming apparatus is provided that forms an article having a covering bonded to the surface of a substrate in a molding space using a first mold and a second mold. The vacuum forming apparatus is provided with clamps for grasping the covering between the first and second molds arranged at the open positions. The clamps are movable between an interfering position, at which the clamps are located in the movement ranges of the first and second molds, and standby positions, at which the clamps are outside the movement ranges. After the covering is heated, the clamps grasping the covering move to the standby positions and stretch the covering. The first and second molds move to the closed positions and the article is molded between the first and second molds so that the stretched covering and the substrate are bonded to each other.",2018-06-19,2018,Kenji Katou,1d3e854a-16c8-11ed-9b5f-1234bde3cd05,TOYOTA SHATAI KABUSHIKI KAISHA
10000005,Article vacuum formation method and vacuum forming apparatus,"A vacuum forming apparatus is provided that forms an article having a covering bonded to the surface of a substrate in a molding space using a first mold and a second mold. The vacuum forming apparatus is provided with clamps for grasping the covering between the first and second molds arranged at the open positions. The clamps are movable between an interfering position, at which the clamps are located in the movement ranges of the first and second molds, and standby positions, at which the clamps are outside the movement ranges. After the covering is heated, the clamps grasping the covering move to the standby positions and stretch the covering. The first and second molds move to the closed positions and the article is molded between the first and second molds so that the stretched covering and the substrate are bonded to each other.",2018-06-19,2018,Kenji Katou,34b4468e-16c8-11ed-9b5f-1234bde3cd05,TOYOTA SHATAI KABUSHIKI KAISHA
10000005,Article vacuum formation method and vacuum forming apparatus,"A vacuum forming apparatus is provided that forms an article having a covering bonded to the surface of a substrate in a molding space using a first mold and a second mold. The vacuum forming apparatus is provided with clamps for grasping the covering between the first and second molds arranged at the open positions. The clamps are movable between an interfering position, at which the clamps are located in the movement ranges of the first and second molds, and standby positions, at which the clamps are outside the movement ranges. After the covering is heated, the clamps grasping the covering move to the standby positions and stretch the covering. The first and second molds move to the closed positions and the article is molded between the first and second molds so that the stretched covering and the substrate are bonded to each other.",2018-06-19,2018,Kenji Katou,5e63a8fc-16c8-11ed-9b5f-1234bde3cd05,TOYOTA SHATAI KABUSHIKI KAISHA
10000005,Article vacuum formation method and vacuum forming apparatus,"A vacuum forming apparatus is provided that forms an article having a covering bonded to the surface of a substrate in a molding space using a first mold and a second mold. The vacuum forming apparatus is provided with clamps for grasping the covering between the first and second molds arranged at the open positions. The clamps are movable between an interfering position, at which the clamps are located in the movement ranges of the first and second molds, and standby positions, at which the clamps are outside the movement ranges. After the covering is heated, the clamps grasping the covering move to the standby positions and stretch the covering. The first and second molds move to the closed positions and the article is molded between the first and second molds so that the stretched covering and the substrate are bonded to each other.",2018-06-19,2018,Kenji Katou,6de5356f-16c8-11ed-9b5f-1234bde3cd05,TOYOTA SHATAI KABUSHIKI KAISHA
10000005,Article vacuum formation method and vacuum forming apparatus,"A vacuum forming apparatus is provided that forms an article having a covering bonded to the surface of a substrate in a molding space using a first mold and a second mold. The vacuum forming apparatus is provided with clamps for grasping the covering between the first and second molds arranged at the open positions. The clamps are movable between an interfering position, at which the clamps are located in the movement ranges of the first and second molds, and standby positions, at which the clamps are outside the movement ranges. After the covering is heated, the clamps grasping the covering move to the standby positions and stretch the covering. The first and second molds move to the closed positions and the article is molded between the first and second molds so that the stretched covering and the substrate are bonded to each other.",2018-06-19,2018,Kenji Katou,8a43efe0-16c8-11ed-9b5f-1234bde3cd05,TOYOTA SHATAI KABUSHIKI KAISHA
10000005,Article vacuum formation method and vacuum forming apparatus,"A vacuum forming apparatus is provided that forms an article having a covering bonded to the surface of a substrate in a molding space using a first mold and a second mold. The vacuum forming apparatus is provided with clamps for grasping the covering between the first and second molds arranged at the open positions. The clamps are movable between an interfering position, at which the clamps are located in the movement ranges of the first and second molds, and standby positions, at which the clamps are outside the movement ranges. After the covering is heated, the clamps grasping the covering move to the standby positions and stretch the covering. The first and second molds move to the closed positions and the article is molded between the first and second molds so that the stretched covering and the substrate are bonded to each other.",2018-06-19,2018,Kenji Katou,8bf15d99-16c8-11ed-9b5f-1234bde3cd05,TOYOTA SHATAI KABUSHIKI KAISHA
10000005,Article vacuum formation method and vacuum forming apparatus,"A vacuum forming apparatus is provided that forms an article having a covering bonded to the surface of a substrate in a molding space using a first mold and a second mold. The vacuum forming apparatus is provided with clamps for grasping the covering between the first and second molds arranged at the open positions. The clamps are movable between an interfering position, at which the clamps are located in the movement ranges of the first and second molds, and standby positions, at which the clamps are outside the movement ranges. After the covering is heated, the clamps grasping the covering move to the standby positions and stretch the covering. The first and second molds move to the closed positions and the article is molded between the first and second molds so that the stretched covering and the substrate are bonded to each other.",2018-06-19,2018,Kenji Katou,8bf1759c-16c8-11ed-9b5f-1234bde3cd05,TOYOTA SHATAI KABUSHIKI KAISHA
10000005,Article vacuum formation method and vacuum forming apparatus,"A vacuum forming apparatus is provided that forms an article having a covering bonded to the surface of a substrate in a molding space using a first mold and a second mold. The vacuum forming apparatus is provided with clamps for grasping the covering between the first and second molds arranged at the open positions. The clamps are movable between an interfering position, at which the clamps are located in the movement ranges of the first and second molds, and standby positions, at which the clamps are outside the movement ranges. After the covering is heated, the clamps grasping the covering move to the standby positions and stretch the covering. The first and second molds move to the closed positions and the article is molded between the first and second molds so that the stretched covering and the substrate are bonded to each other.",2018-06-19,2018,Kenji Katou,9f02919d-16c8-11ed-9b5f-1234bde3cd05,TOYOTA SHATAI KABUSHIKI KAISHA
10000006,Thermoforming mold device and a process for its manufacture and use,"A thermoforming mold device (1) providing a piece with a thin wall starting with a sheet of thermoplastic material is provided. At least one (3) of two parts of the mold (3, 3′) comprises at least one means (4) of local deformation of a sheet (2′) in the mold (3, 3′) in its closed state, the at least one means (4) comprises a piece of hollow molding with a peripheral edge, which can be connected selectively to a source of suction and can be displaced between a folded position, in which the molding piece is situated in close proximity with the wall of the thermoformed piece, and a deployed position, in which the molding piece is applied under pressure with its peripheral edge against the wall of the thermoformed piece upholding the other part of the mold.",2018-06-19,2018,Marc Saelen,45054ad0-16c8-11ed-9b5f-1234bde3cd05,REYDEL AUTOMOTIVE B.V.
10000006,Thermoforming mold device and a process for its manufacture and use,"A thermoforming mold device (1) providing a piece with a thin wall starting with a sheet of thermoplastic material is provided. At least one (3) of two parts of the mold (3, 3′) comprises at least one means (4) of local deformation of a sheet (2′) in the mold (3, 3′) in its closed state, the at least one means (4) comprises a piece of hollow molding with a peripheral edge, which can be connected selectively to a source of suction and can be displaced between a folded position, in which the molding piece is situated in close proximity with the wall of the thermoformed piece, and a deployed position, in which the molding piece is applied under pressure with its peripheral edge against the wall of the thermoformed piece upholding the other part of the mold.",2018-06-19,2018,Marc Saelen,478a472c-16c8-11ed-9b5f-1234bde3cd05,REYDEL AUTOMOTIVE B.V.
10000007,PEX expanding tool,"An expanding tool comprising: an actuator comprising a cylindrical housing that defines an actuator housing cavity; a primary ram disposed within the actuator housing cavity, the primary ram defining an internal primary ram cavity; a secondary ram disposed within the internal primary ram cavity; a cam roller carrier coupled to a distal end of the secondary ram; a drive collar positioned within a distal end of the actuator housing cavity; a roller clutch disposed within an internal cavity defined by an inner surface of the drive collar; a shuttle cam positioned between the roller clutch and a distal end of the primary ram; an expander cone coupled to the primary ram; and an expander head operably coupled to the drive collar.",2018-06-19,2018,Alex Huber,a5099303-16c8-11ed-9b5f-1234bde3cd05,Milwaukee Electric Tool Corporation
10000007,PEX expanding tool,"An expanding tool comprising: an actuator comprising a cylindrical housing that defines an actuator housing cavity; a primary ram disposed within the actuator housing cavity, the primary ram defining an internal primary ram cavity; a secondary ram disposed within the internal primary ram cavity; a cam roller carrier coupled to a distal end of the secondary ram; a drive collar positioned within a distal end of the actuator housing cavity; a roller clutch disposed within an internal cavity defined by an inner surface of the drive collar; a shuttle cam positioned between the roller clutch and a distal end of the primary ram; an expander cone coupled to the primary ram; and an expander head operably coupled to the drive collar.",2018-06-19,2018,Alex Huber,bb6cebeb-16c7-11ed-9b5f-1234bde3cd05,Milwaukee Electric Tool Corporation
10000007,PEX expanding tool,"An expanding tool comprising: an actuator comprising a cylindrical housing that defines an actuator housing cavity; a primary ram disposed within the actuator housing cavity, the primary ram defining an internal primary ram cavity; a secondary ram disposed within the internal primary ram cavity; a cam roller carrier coupled to a distal end of the secondary ram; a drive collar positioned within a distal end of the actuator housing cavity; a roller clutch disposed within an internal cavity defined by an inner surface of the drive collar; a shuttle cam positioned between the roller clutch and a distal end of the primary ram; an expander cone coupled to the primary ram; and an expander head operably coupled to the drive collar.",2018-06-19,2018,Alex Huber,e0ed562f-16c7-11ed-9b5f-1234bde3cd05,Milwaukee Electric Tool Corporation
10000007,PEX expanding tool,"An expanding tool comprising: an actuator comprising a cylindrical housing that defines an actuator housing cavity; a primary ram disposed within the actuator housing cavity, the primary ram defining an internal primary ram cavity; a secondary ram disposed within the internal primary ram cavity; a cam roller carrier coupled to a distal end of the secondary ram; a drive collar positioned within a distal end of the actuator housing cavity; a roller clutch disposed within an internal cavity defined by an inner surface of the drive collar; a shuttle cam positioned between the roller clutch and a distal end of the primary ram; an expander cone coupled to the primary ram; and an expander head operably coupled to the drive collar.",2018-06-19,2018,Alex Huber,e30f6437-16c7-11ed-9b5f-1234bde3cd05,Milwaukee Electric Tool Corporation
10000007,PEX expanding tool,"An expanding tool comprising: an actuator comprising a cylindrical housing that defines an actuator housing cavity; a primary ram disposed within the actuator housing cavity, the primary ram defining an internal primary ram cavity; a secondary ram disposed within the internal primary ram cavity; a cam roller carrier coupled to a distal end of the secondary ram; a drive collar positioned within a distal end of the actuator housing cavity; a roller clutch disposed within an internal cavity defined by an inner surface of the drive collar; a shuttle cam positioned between the roller clutch and a distal end of the primary ram; an expander cone coupled to the primary ram; and an expander head operably coupled to the drive collar.",2018-06-19,2018,Alex Huber,e8c44888-16c7-11ed-9b5f-1234bde3cd05,Milwaukee Electric Tool Corporation
10000007,PEX expanding tool,"An expanding tool comprising: an actuator comprising a cylindrical housing that defines an actuator housing cavity; a primary ram disposed within the actuator housing cavity, the primary ram defining an internal primary ram cavity; a secondary ram disposed within the internal primary ram cavity; a cam roller carrier coupled to a distal end of the secondary ram; a drive collar positioned within a distal end of the actuator housing cavity; a roller clutch disposed within an internal cavity defined by an inner surface of the drive collar; a shuttle cam positioned between the roller clutch and a distal end of the primary ram; an expander cone coupled to the primary ram; and an expander head operably coupled to the drive collar.",2018-06-19,2018,Corey Dickert,e6abbb2a-16c7-11ed-9b5f-1234bde3cd05,Milwaukee Electric Tool Corporation
10000007,PEX expanding tool,"An expanding tool comprising: an actuator comprising a cylindrical housing that defines an actuator housing cavity; a primary ram disposed within the actuator housing cavity, the primary ram defining an internal primary ram cavity; a secondary ram disposed within the internal primary ram cavity; a cam roller carrier coupled to a distal end of the secondary ram; a drive collar positioned within a distal end of the actuator housing cavity; a roller clutch disposed within an internal cavity defined by an inner surface of the drive collar; a shuttle cam positioned between the roller clutch and a distal end of the primary ram; an expander cone coupled to the primary ram; and an expander head operably coupled to the drive collar.",2018-06-19,2018,Corey Dickert,e8c44888-16c7-11ed-9b5f-1234bde3cd05,Milwaukee Electric Tool Corporation
10000007,PEX expanding tool,"An expanding tool comprising: an actuator comprising a cylindrical housing that defines an actuator housing cavity; a primary ram disposed within the actuator housing cavity, the primary ram defining an internal primary ram cavity; a secondary ram disposed within the internal primary ram cavity; a cam roller carrier coupled to a distal end of the secondary ram; a drive collar positioned within a distal end of the actuator housing cavity; a roller clutch disposed within an internal cavity defined by an inner surface of the drive collar; a shuttle cam positioned between the roller clutch and a distal end of the primary ram; an expander cone coupled to the primary ram; and an expander head operably coupled to the drive collar.",2018-06-19,2018,Ian Zimmermann,a5099303-16c8-11ed-9b5f-1234bde3cd05,Milwaukee Electric Tool Corporation
10000007,PEX expanding tool,"An expanding tool comprising: an actuator comprising a cylindrical housing that defines an actuator housing cavity; a primary ram disposed within the actuator housing cavity, the primary ram defining an internal primary ram cavity; a secondary ram disposed within the internal primary ram cavity; a cam roller carrier coupled to a distal end of the secondary ram; a drive collar positioned within a distal end of the actuator housing cavity; a roller clutch disposed within an internal cavity defined by an inner surface of the drive collar; a shuttle cam positioned between the roller clutch and a distal end of the primary ram; an expander cone coupled to the primary ram; and an expander head operably coupled to the drive collar.",2018-06-19,2018,Ian Zimmermann,e8c44888-16c7-11ed-9b5f-1234bde3cd05,Milwaukee Electric Tool Corporation
10000007,PEX expanding tool,"An expanding tool comprising: an actuator comprising a cylindrical housing that defines an actuator housing cavity; a primary ram disposed within the actuator housing cavity, the primary ram defining an internal primary ram cavity; a secondary ram disposed within the internal primary ram cavity; a cam roller carrier coupled to a distal end of the secondary ram; a drive collar positioned within a distal end of the actuator housing cavity; a roller clutch disposed within an internal cavity defined by an inner surface of the drive collar; a shuttle cam positioned between the roller clutch and a distal end of the primary ram; an expander cone coupled to the primary ram; and an expander head operably coupled to the drive collar.",2018-06-19,2018,Ian Zimmermann,eba77012-16c7-11ed-9b5f-1234bde3cd05,Milwaukee Electric Tool Corporation
10000007,PEX expanding tool,"An expanding tool comprising: an actuator comprising a cylindrical housing that defines an actuator housing cavity; a primary ram disposed within the actuator housing cavity, the primary ram defining an internal primary ram cavity; a secondary ram disposed within the internal primary ram cavity; a cam roller carrier coupled to a distal end of the secondary ram; a drive collar positioned within a distal end of the actuator housing cavity; a roller clutch disposed within an internal cavity defined by an inner surface of the drive collar; a shuttle cam positioned between the roller clutch and a distal end of the primary ram; an expander cone coupled to the primary ram; and an expander head operably coupled to the drive collar.",2018-06-19,2018,Jarrod Kotes,e0d46bcd-16c7-11ed-9b5f-1234bde3cd05,Milwaukee Electric Tool Corporation
10000007,PEX expanding tool,"An expanding tool comprising: an actuator comprising a cylindrical housing that defines an actuator housing cavity; a primary ram disposed within the actuator housing cavity, the primary ram defining an internal primary ram cavity; a secondary ram disposed within the internal primary ram cavity; a cam roller carrier coupled to a distal end of the secondary ram; a drive collar positioned within a distal end of the actuator housing cavity; a roller clutch disposed within an internal cavity defined by an inner surface of the drive collar; a shuttle cam positioned between the roller clutch and a distal end of the primary ram; an expander cone coupled to the primary ram; and an expander head operably coupled to the drive collar.",2018-06-19,2018,Will Didier,ea7e63b4-16c7-11ed-9b5f-1234bde3cd05,Milwaukee Electric Tool Corporation
10000008,Bracelet mold and method of use,"A decorated strip of coated, heat-shrinkable, plastic sheet material is placed in a spiral slot formed in a silicone rubber mold. The spiral slot is defined by a spiral wall having a uniform wall thickness. Upon heating in an oven, the material shrinks, forming a resiliently expansible arc-shaped band that can be worn as a bracelet or wristband.",2018-06-19,2018,Liah Caspi,0be88efd-16c8-11ed-9b5f-1234bde3cd05,"Alex Toys, LLC"
10000009,Sterile environment for additive manufacturing,"In sterile, additive manufacturing wherein one lamella is successively built upon an underlying lamella until an object is completed, a sterile manufacturing environment is provided. A major chamber large enough to accommodate the manufactured object has sterile accordion pleated sidewalls and a sterile top closed with flap valves. A minor chamber for supporting the nozzles positioned above the major chamber has similar valves in corresponding positions. Nozzles for material deposition penetrate the pair of valves to block air and particles from entry into the major chamber where the nozzles make layer by layer deposition of the object using XY areawise nozzle motion relative to the object as well as Z nozzle vertical motion with the major chamber expanding as the object is formed.",2018-06-19,2018,Nathan Christopher Maier,648669f8-49af-11ed-9879-1234bde3cd05,
10000009,Sterile environment for additive manufacturing,"In sterile, additive manufacturing wherein one lamella is successively built upon an underlying lamella until an object is completed, a sterile manufacturing environment is provided. A major chamber large enough to accommodate the manufactured object has sterile accordion pleated sidewalls and a sterile top closed with flap valves. A minor chamber for supporting the nozzles positioned above the major chamber has similar valves in corresponding positions. Nozzles for material deposition penetrate the pair of valves to block air and particles from entry into the major chamber where the nozzles make layer by layer deposition of the object using XY areawise nozzle motion relative to the object as well as Z nozzle vertical motion with the major chamber expanding as the object is formed.",2018-06-19,2018,Nathan Christopher Maier,c4361743-16c7-11ed-9b5f-1234bde3cd05,
10000009,Sterile environment for additive manufacturing,"In sterile, additive manufacturing wherein one lamella is successively built upon an underlying lamella until an object is completed, a sterile manufacturing environment is provided. A major chamber large enough to accommodate the manufactured object has sterile accordion pleated sidewalls and a sterile top closed with flap valves. A minor chamber for supporting the nozzles positioned above the major chamber has similar valves in corresponding positions. Nozzles for material deposition penetrate the pair of valves to block air and particles from entry into the major chamber where the nozzles make layer by layer deposition of the object using XY areawise nozzle motion relative to the object as well as Z nozzle vertical motion with the major chamber expanding as the object is formed.",2018-06-19,2018,Nathan Christopher Maier,c59a954a-16c7-11ed-9b5f-1234bde3cd05,
10000009,Sterile environment for additive manufacturing,"In sterile, additive manufacturing wherein one lamella is successively built upon an underlying lamella until an object is completed, a sterile manufacturing environment is provided. A major chamber large enough to accommodate the manufactured object has sterile accordion pleated sidewalls and a sterile top closed with flap valves. A minor chamber for supporting the nozzles positioned above the major chamber has similar valves in corresponding positions. Nozzles for material deposition penetrate the pair of valves to block air and particles from entry into the major chamber where the nozzles make layer by layer deposition of the object using XY areawise nozzle motion relative to the object as well as Z nozzle vertical motion with the major chamber expanding as the object is formed.",2018-06-19,2018,Nathan Christopher Maier,c6999d14-16c7-11ed-9b5f-1234bde3cd05,
10000009,Sterile environment for additive manufacturing,"In sterile, additive manufacturing wherein one lamella is successively built upon an underlying lamella until an object is completed, a sterile manufacturing environment is provided. A major chamber large enough to accommodate the manufactured object has sterile accordion pleated sidewalls and a sterile top closed with flap valves. A minor chamber for supporting the nozzles positioned above the major chamber has similar valves in corresponding positions. Nozzles for material deposition penetrate the pair of valves to block air and particles from entry into the major chamber where the nozzles make layer by layer deposition of the object using XY areawise nozzle motion relative to the object as well as Z nozzle vertical motion with the major chamber expanding as the object is formed.",2018-06-19,2018,Nathan Christopher Maier,d728cc60-16c7-11ed-9b5f-1234bde3cd05,
10000009,Sterile environment for additive manufacturing,"In sterile, additive manufacturing wherein one lamella is successively built upon an underlying lamella until an object is completed, a sterile manufacturing environment is provided. A major chamber large enough to accommodate the manufactured object has sterile accordion pleated sidewalls and a sterile top closed with flap valves. A minor chamber for supporting the nozzles positioned above the major chamber has similar valves in corresponding positions. Nozzles for material deposition penetrate the pair of valves to block air and particles from entry into the major chamber where the nozzles make layer by layer deposition of the object using XY areawise nozzle motion relative to the object as well as Z nozzle vertical motion with the major chamber expanding as the object is formed.",2018-06-19,2018,Nathan Christopher Maier,ef60644c-16c7-11ed-9b5f-1234bde3cd05,
10000010,3-D electrostatic printer using rack and pinion registration system,"3-D printing system include development stations positioned to electrostatically transfer build and support materials to an intermediate transfer surface, a transfer station adjacent the intermediate transfer surface, guides adjacent the transfer station, and platens moving on the guides. The guides are shaped to direct the platens to repeatedly pass the transfer station and come in contact with the intermediate transfer surface at the transfer station. The intermediate transfer surface transfers a layer of the build and support materials to the platens each time the platens contact the intermediate transfer surface at the transfer station to successively form layers of the build and support materials on the platens. The platens and the intermediate transfer surface include rack and pinion structures that temporarily join at the transfer station, as the platens pass the transfer station, to align the platens with the intermediate transfer surface as the platens contact the intermediate transfer surface.",2018-06-19,2018,Brian A. Hanna,fa04335b-16c7-11ed-9b5f-1234bde3cd05,Xerox Corporation
10000010,3-D electrostatic printer using rack and pinion registration system,"3-D printing system include development stations positioned to electrostatically transfer build and support materials to an intermediate transfer surface, a transfer station adjacent the intermediate transfer surface, guides adjacent the transfer station, and platens moving on the guides. The guides are shaped to direct the platens to repeatedly pass the transfer station and come in contact with the intermediate transfer surface at the transfer station. The intermediate transfer surface transfers a layer of the build and support materials to the platens each time the platens contact the intermediate transfer surface at the transfer station to successively form layers of the build and support materials on the platens. The platens and the intermediate transfer surface include rack and pinion structures that temporarily join at the transfer station, as the platens pass the transfer station, to align the platens with the intermediate transfer surface as the platens contact the intermediate transfer surface.",2018-06-19,2018,Carlos M. Terrero,fa020b2d-16c7-11ed-9b5f-1234bde3cd05,Xerox Corporation
10000010,3-D electrostatic printer using rack and pinion registration system,"3-D printing system include development stations positioned to electrostatically transfer build and support materials to an intermediate transfer surface, a transfer station adjacent the intermediate transfer surface, guides adjacent the transfer station, and platens moving on the guides. The guides are shaped to direct the platens to repeatedly pass the transfer station and come in contact with the intermediate transfer surface at the transfer station. The intermediate transfer surface transfers a layer of the build and support materials to the platens each time the platens contact the intermediate transfer surface at the transfer station to successively form layers of the build and support materials on the platens. The platens and the intermediate transfer surface include rack and pinion structures that temporarily join at the transfer station, as the platens pass the transfer station, to align the platens with the intermediate transfer surface as the platens contact the intermediate transfer surface.",2018-06-19,2018,Donald R. Fess,81aa2714-16c8-11ed-9b5f-1234bde3cd05,Xerox Corporation
10000010,3-D electrostatic printer using rack and pinion registration system,"3-D printing system include development stations positioned to electrostatically transfer build and support materials to an intermediate transfer surface, a transfer station adjacent the intermediate transfer surface, guides adjacent the transfer station, and platens moving on the guides. The guides are shaped to direct the platens to repeatedly pass the transfer station and come in contact with the intermediate transfer surface at the transfer station. The intermediate transfer surface transfers a layer of the build and support materials to the platens each time the platens contact the intermediate transfer surface at the transfer station to successively form layers of the build and support materials on the platens. The platens and the intermediate transfer surface include rack and pinion structures that temporarily join at the transfer station, as the platens pass the transfer station, to align the platens with the intermediate transfer surface as the platens contact the intermediate transfer surface.",2018-06-19,2018,Donald R. Fess,d929a955-16c7-11ed-9b5f-1234bde3cd05,Xerox Corporation
10000010,3-D electrostatic printer using rack and pinion registration system,"3-D printing system include development stations positioned to electrostatically transfer build and support materials to an intermediate transfer surface, a transfer station adjacent the intermediate transfer surface, guides adjacent the transfer station, and platens moving on the guides. The guides are shaped to direct the platens to repeatedly pass the transfer station and come in contact with the intermediate transfer surface at the transfer station. The intermediate transfer surface transfers a layer of the build and support materials to the platens each time the platens contact the intermediate transfer surface at the transfer station to successively form layers of the build and support materials on the platens. The platens and the intermediate transfer surface include rack and pinion structures that temporarily join at the transfer station, as the platens pass the transfer station, to align the platens with the intermediate transfer surface as the platens contact the intermediate transfer surface.",2018-06-19,2018,Lynn Saxton,01f3b027-16c8-11ed-9b5f-1234bde3cd05,Xerox Corporation
10000010,3-D electrostatic printer using rack and pinion registration system,"3-D printing system include development stations positioned to electrostatically transfer build and support materials to an intermediate transfer surface, a transfer station adjacent the intermediate transfer surface, guides adjacent the transfer station, and platens moving on the guides. The guides are shaped to direct the platens to repeatedly pass the transfer station and come in contact with the intermediate transfer surface at the transfer station. The intermediate transfer surface transfers a layer of the build and support materials to the platens each time the platens contact the intermediate transfer surface at the transfer station to successively form layers of the build and support materials on the platens. The platens and the intermediate transfer surface include rack and pinion structures that temporarily join at the transfer station, as the platens pass the transfer station, to align the platens with the intermediate transfer surface as the platens contact the intermediate transfer surface.",2018-06-19,2018,Lynn Saxton,dd0529c6-16c7-11ed-9b5f-1234bde3cd05,Xerox Corporation
10000010,3-D electrostatic printer using rack and pinion registration system,"3-D printing system include development stations positioned to electrostatically transfer build and support materials to an intermediate transfer surface, a transfer station adjacent the intermediate transfer surface, guides adjacent the transfer station, and platens moving on the guides. The guides are shaped to direct the platens to repeatedly pass the transfer station and come in contact with the intermediate transfer surface at the transfer station. The intermediate transfer surface transfers a layer of the build and support materials to the platens each time the platens contact the intermediate transfer surface at the transfer station to successively form layers of the build and support materials on the platens. The platens and the intermediate transfer surface include rack and pinion structures that temporarily join at the transfer station, as the platens pass the transfer station, to align the platens with the intermediate transfer surface as the platens contact the intermediate transfer surface.",2018-06-19,2018,Roberto A. Irizarry,01b44b89-16c8-11ed-9b5f-1234bde3cd05,Xerox Corporation
10000010,3-D electrostatic printer using rack and pinion registration system,"3-D printing system include development stations positioned to electrostatically transfer build and support materials to an intermediate transfer surface, a transfer station adjacent the intermediate transfer surface, guides adjacent the transfer station, and platens moving on the guides. The guides are shaped to direct the platens to repeatedly pass the transfer station and come in contact with the intermediate transfer surface at the transfer station. The intermediate transfer surface transfers a layer of the build and support materials to the platens each time the platens contact the intermediate transfer surface at the transfer station to successively form layers of the build and support materials on the platens. The platens and the intermediate transfer surface include rack and pinion structures that temporarily join at the transfer station, as the platens pass the transfer station, to align the platens with the intermediate transfer surface as the platens contact the intermediate transfer surface.",2018-06-19,2018,Roberto A. Irizarry,04726932-16c8-11ed-9b5f-1234bde3cd05,Xerox Corporation
10000010,3-D electrostatic printer using rack and pinion registration system,"3-D printing system include development stations positioned to electrostatically transfer build and support materials to an intermediate transfer surface, a transfer station adjacent the intermediate transfer surface, guides adjacent the transfer station, and platens moving on the guides. The guides are shaped to direct the platens to repeatedly pass the transfer station and come in contact with the intermediate transfer surface at the transfer station. The intermediate transfer surface transfers a layer of the build and support materials to the platens each time the platens contact the intermediate transfer surface at the transfer station to successively form layers of the build and support materials on the platens. The platens and the intermediate transfer surface include rack and pinion structures that temporarily join at the transfer station, as the platens pass the transfer station, to align the platens with the intermediate transfer surface as the platens contact the intermediate transfer surface.",2018-06-19,2018,Roberto A. Irizarry,88019c4d-49af-11ed-9879-1234bde3cd05,Xerox Corporation
